link,p50,p80,p95
"ATLA-M5,ATLAng",0.03385331989247312,0.07038965053763442,0.11375671370967744
"ATLAng,ATLA-M5",0.0609346505376344,0.11841841397849462,0.2017502755376344
"ATLAng,HSTNng",1.6365734677419357,2.275401491935484,4.946081609543011
"ATLAng,IPLSng",1.8848332258064513,2.8441489247311824,3.9652249731182794
"ATLAng,WASHng",1.4186703897849462,2.1303480107526878,3.4437879637096778
"CHINng,IPLSng",4.937376397849462,6.4741058602150545,8.762699059139784
"CHINng,NYCMng",2.616229758064516,3.7767934408602146,5.063058272849463
"DNVRng,KSCYng",4.472669260752689,5.901585887096775,8.305128010752687
"DNVRng,SNVAng",1.8350874395161287,2.489109610215054,3.4525556249999996
"DNVRng,STTLng",1.0431903225806454,1.378527258064516,1.9095973387096774
"HSTNng,ATLAng",1.2117198118279568,1.8559245161290323,3.2613508333333328
"HSTNng,KSCYng",0.20858068548387096,0.359525940860215,0.5521771102150538
"HSTNng,LOSAng",1.1640741129032257,1.5875881989247311,2.0197323924731183
"IPLSng,ATLAng",2.403964301075269,3.5941081720430104,5.326548817204301
"IPLSng,CHINng",5.224180725806452,6.977317795698923,9.080595793010753
"IPLSng,KSCYng",4.376051384408602,5.658851693548387,7.45708696236559
"KSCYng,DNVRng",3.796051310483871,4.9057710752688175,6.219605389784945
"KSCYng,HSTNng",0.46066103494623656,0.6868880376344086,2.850042419354839
"KSCYng,IPLSng",4.674994005376345,6.28215435483871,8.6324449327957
"LOSAng,HSTNng",1.184920564516129,1.8834323387096772,4.180566525537634
"LOSAng,SNVAng",2.380828897849462,3.227300860215053,4.417850651881721
"NYCMng,CHINng",4.464571572580645,5.705160349462365,6.96693307795699
"NYCMng,WASHng",2.5551054032258067,3.918945,5.788402291666666
"SNVAng,DNVRng",1.92858936827957,2.828806370967742,4.073171653225805
"SNVAng,LOSAng",2.170441317204301,2.928726989247312,4.777758803763441
"SNVAng,STTLng",0.7088637634408601,0.8733955645161291,1.0655226680107526
"STTLng,DNVRng",0.7800834408602151,1.2337714516129032,2.45179372983871
"STTLng,SNVAng",0.36482297043010753,0.641980188172043,1.1360570564516128
"WASHng,ATLAng",2.736519758064516,3.6138094623655914,5.953832674731182
"WASHng,NYCMng",4.026018655913979,5.081725537634409,6.130039025537633
