link,capacity_gbps,max before,max after,change
"ATLA-M5,ATLAng",9.92,0.998986317204301,0.998986317204301,0.0
"ATLAng,ATLA-M5",9.92,0.5552601612903225,0.5552601612903224,-1.1102230246251565e-16
"ATLAng,HSTNng",9.92,13.996846263440856,13.996577446236557,-0.0002688172042990544
"ATLAng,IPLSng",2.48,7.827076989247312,17.89212940860215,10.065052419354835
"ATLAng,WASHng",9.92,12.464904112903225,12.464904112903225,0.0
"CHINng,IPLSng",9.92,70.24297838709678,70.12158163978496,-0.12139674731182026
"CHINng,NYCMng",9.92,10.034505940860218,10.034505940860216,-1.7763568394002505e-15
"DNVRng,KSCYng",9.92,75.11838456989247,73.8648518548387,-1.2535327150537654
"DNVRng,SNVAng",9.92,66.6973572311828,66.25331940860214,-0.44403782258066826
"DNVRng,STTLng",9.92,3.7321790053763437,3.7321790053763437,0.0
"HSTNng,ATLAng",9.92,12.36862741935484,12.368627419354837,-3.552713678800501e-15
"HSTNng,KSCYng",9.92,2.342547204301075,2.342547204301075,0.0
"HSTNng,LOSAng",9.92,12.298934946236557,11.690508413978492,-0.6084265322580649
"IPLSng,ATLAng",2.48,31.9610211827957,31.9610211827957,0.0
"IPLSng,CHINng",9.92,75.23208413978494,74.48310510752687,-0.7489790322580774
"IPLSng,KSCYng",9.92,69.52707881720428,69.52601661290322,-0.0010622043010641846
"KSCYng,DNVRng",9.92,68.93496748655913,68.91192833333332,-0.023039153225809628
"KSCYng,HSTNng",9.92,57.223852177419346,57.223852177419346,0.0
"KSCYng,IPLSng",9.92,75.35501016129031,74.00753016129032,-1.3474799999999902
"LOSAng,HSTNng",9.92,29.409336236559135,29.40933623655913,-3.552713678800501e-15
"LOSAng,SNVAng",9.92,73.48869698924729,72.69949645161289,-0.7892005376344002
"NYCMng,CHINng",9.92,25.014544381720427,25.014544381720434,7.105427357601002e-15
"NYCMng,WASHng",9.92,13.26273620967742,13.262736209677417,-3.552713678800501e-15
"SNVAng,DNVRng",9.92,72.69497228494623,71.8977369892473,-0.7972352956989255
"SNVAng,LOSAng",9.92,67.00018059139786,66.8366161827957,-0.16356440860216992
"SNVAng,STTLng",9.92,1.8669110215053761,2.639159354838709,0.7722483333333328
"STTLng,DNVRng",9.92,13.78926126344086,9.367665537634409,-4.421595725806451
"STTLng,SNVAng",9.92,6.195216989247313,6.788585564516128,0.5933685752688156
"WASHng,ATLAng",9.92,12.233260322580644,12.231318602150537,-0.0019417204301070967
"WASHng,NYCMng",9.92,10.334941586021504,10.334941586021504,0.0
