fold,class,precision,recall,f1,support
1,Low,0.9714753754869186,0.9509966622536314,0.9611269463616876,107258
1,Medium,0.8657622534562875,0.8622394154309048,0.8639972434783857,69795
1,High,0.780233074909881,0.7889402072150793,0.7845624837071887,40055
1,Critical,0.7351395730706075,0.8305095226317091,0.7799198652807618,16172
2,Low,0.9673849135842352,0.9404548794965045,0.9537298316464001,159207
2,Medium,0.8162789535909947,0.8434273916035788,0.8296311340153842,58120
2,High,0.6324472960586618,0.7407407407407407,0.6823238566131026,11178
2,Critical,0.696455223880597,0.7817801047120418,0.736655155402072,4775
3,Low,0.9727195375993897,0.948101121024937,0.9602525669432738,174840
3,Medium,0.797279237228971,0.8453355328553602,0.8206044181653938,47283
3,High,0.6406797249967571,0.6875,0.6632646209628684,7184
3,Critical,0.6752936492136173,0.8537628995721117,0.7541129390840373,3973
4,Low,0.957237134900754,0.9273791191869418,0.9420716064523396,162350
4,Medium,0.7866605971180108,0.835431010052178,0.8103126288472265,59987
4,High,0.6145385985126217,0.6670835702103468,0.6397339439537673,8795
4,Critical,0.5421379058737686,0.6918063314711359,0.607895275107384,2148
5,Low,0.93922927223669,0.8984405913881794,0.9183822616897175,111196
5,Medium,0.7898416585977103,0.8095891410640006,0.7995934930050526,68515
5,High,0.7349385684640469,0.7458465652682601,0.7403523907489133,29915
5,Critical,0.8359416546380004,0.9303711845776613,0.8806322529011604,23654
