fold,part,day
1,train,2004-03-01
1,train,2004-03-02
1,train,2004-03-03
1,train,2004-03-04
1,train,2004-03-05
1,train,2004-03-06
1,train,2004-03-07
1,train,2004-03-08
1,train,2004-03-09
1,train,2004-03-10
1,train,2004-03-11
1,train,2004-03-12
1,train,2004-03-13
1,train,2004-03-14
1,train,2004-04-02
1,train,2004-04-03
1,train,2004-04-04
1,train,2004-04-05
1,train,2004-04-06
1,train,2004-04-07
1,train,2004-04-08
1,train,2004-04-09
1,train,2004-04-10
1,train,2004-04-11
1,train,2004-04-12
1,train,2004-04-13
1,train,2004-04-14
1,train,2004-04-15
1,train,2004-04-22
1,train,2004-04-23
1,train,2004-04-24
1,train,2004-04-25
1,test,2004-04-26
1,test,2004-04-27
1,test,2004-04-28
1,test,2004-05-01
1,test,2004-05-02
1,test,2004-05-03
1,test,2004-05-04
1,test,2004-05-05
1,test,2004-05-06
1,test,2004-05-07
1,test,2004-05-08
1,test,2004-05-09
1,test,2004-05-10
1,test,2004-05-11
1,test,2004-05-12
1,test,2004-05-13
1,test,2004-05-14
1,test,2004-05-15
1,test,2004-05-16
1,test,2004-05-17
1,test,2004-05-18
1,test,2004-05-19
1,test,2004-05-20
1,test,2004-05-21
1,test,2004-05-22
1,test,2004-05-23
1,test,2004-05-24
2,train,2004-03-01
2,train,2004-03-02
2,train,2004-03-03
2,train,2004-03-04
2,train,2004-03-05
2,train,2004-03-06
2,train,2004-03-07
2,train,2004-03-08
2,train,2004-03-09
2,train,2004-03-10
2,train,2004-03-11
2,train,2004-03-12
2,train,2004-03-13
2,train,2004-03-14
2,train,2004-04-02
2,train,2004-04-03
2,train,2004-04-04
2,train,2004-04-05
2,train,2004-04-06
2,train,2004-04-07
2,train,2004-04-08
2,train,2004-04-09
2,train,2004-04-10
2,train,2004-04-11
2,train,2004-04-12
2,train,2004-04-13
2,train,2004-04-14
2,train,2004-04-15
2,train,2004-04-22
2,train,2004-04-23
2,train,2004-04-24
2,train,2004-04-25
2,train,2004-04-26
2,train,2004-04-27
2,train,2004-04-28
2,train,2004-05-01
2,train,2004-05-02
2,train,2004-05-03
2,train,2004-05-04
2,train,2004-05-05
2,train,2004-05-06
2,train,2004-05-07
2,train,2004-05-08
2,train,2004-05-09
2,train,2004-05-10
2,train,2004-05-11
2,train,2004-05-12
2,train,2004-05-13
2,train,2004-05-14
2,train,2004-05-15
2,train,2004-05-16
2,train,2004-05-17
2,train,2004-05-18
2,train,2004-05-19
2,train,2004-05-20
2,train,2004-05-21
2,train,2004-05-22
2,train,2004-05-23
2,train,2004-05-24
2,test,2004-05-25
2,test,2004-05-26
2,test,2004-05-27
2,test,2004-05-28
2,test,2004-05-29
2,test,2004-05-30
2,test,2004-05-31
2,test,2004-06-01
2,test,2004-06-02
2,test,2004-06-03
2,test,2004-06-04
2,test,2004-06-05
2,test,2004-06-06
2,test,2004-06-07
2,test,2004-06-08
2,test,2004-06-09
2,test,2004-06-10
2,test,2004-06-11
2,test,2004-06-12
2,test,2004-06-13
2,test,2004-06-14
2,test,2004-06-15
2,test,2004-06-16
2,test,2004-06-17
2,test,2004-06-18
2,test,2004-06-19
2,test,2004-06-20
3,train,2004-03-01
3,train,2004-03-02
3,train,2004-03-03
3,train,2004-03-04
3,train,2004-03-05
3,train,2004-03-06
3,train,2004-03-07
3,train,2004-03-08
3,train,2004-03-09
3,train,2004-03-10
3,train,2004-03-11
3,train,2004-03-12
3,train,2004-03-13
3,train,2004-03-14
3,train,2004-04-02
3,train,2004-04-03
3,train,2004-04-04
3,train,2004-04-05
3,train,2004-04-06
3,train,2004-04-07
3,train,2004-04-08
3,train,2004-04-09
3,train,2004-04-10
3,train,2004-04-11
3,train,2004-04-12
3,train,2004-04-13
3,train,2004-04-14
3,train,2004-04-15
3,train,2004-04-22
3,train,2004-04-23
3,train,2004-04-24
3,train,2004-04-25
3,train,2004-04-26
3,train,2004-04-27
3,train,2004-04-28
3,train,2004-05-01
3,train,2004-05-02
3,train,2004-05-03
3,train,2004-05-04
3,train,2004-05-05
3,train,2004-05-06
3,train,2004-05-07
3,train,2004-05-08
3,train,2004-05-09
3,train,2004-05-10
3,train,2004-05-11
3,train,2004-05-12
3,train,2004-05-13
3,train,2004-05-14
3,train,2004-05-15
3,train,2004-05-16
3,train,2004-05-17
3,train,2004-05-18
3,train,2004-05-19
3,train,2004-05-20
3,train,2004-05-21
3,train,2004-05-22
3,train,2004-05-23
3,train,2004-05-24
3,train,2004-05-25
3,train,2004-05-26
3,train,2004-05-27
3,train,2004-05-28
3,train,2004-05-29
3,train,2004-05-30
3,train,2004-05-31
3,train,2004-06-01
3,train,2004-06-02
3,train,2004-06-03
3,train,2004-06-04
3,train,2004-06-05
3,train,2004-06-06
3,train,2004-06-07
3,train,2004-06-08
3,train,2004-06-09
3,train,2004-06-10
3,train,2004-06-11
3,train,2004-06-12
3,train,2004-06-13
3,train,2004-06-14
3,train,2004-06-15
3,train,2004-06-16
3,train,2004-06-17
3,train,2004-06-18
3,train,2004-06-19
3,train,2004-06-20
3,test,2004-06-21
3,test,2004-06-22
3,test,2004-06-23
3,test,2004-06-24
3,test,2004-06-25
3,test,2004-06-26
3,test,2004-06-27
3,test,2004-06-28
3,test,2004-06-29
3,test,2004-06-30
3,test,2004-07-01
3,test,2004-07-02
3,test,2004-07-03
3,test,2004-07-04
3,test,2004-07-05
3,test,2004-07-06
3,test,2004-07-07
3,test,2004-07-08
3,test,2004-07-09
3,test,2004-07-10
3,test,2004-07-11
3,test,2004-07-12
3,test,2004-07-13
3,test,2004-07-14
3,test,2004-07-15
3,test,2004-07-16
3,test,2004-07-17
4,train,2004-03-01
4,train,2004-03-02
4,train,2004-03-03
4,train,2004-03-04
4,train,2004-03-05
4,train,2004-03-06
4,train,2004-03-07
4,train,2004-03-08
4,train,2004-03-09
4,train,2004-03-10
4,train,2004-03-11
4,train,2004-03-12
4,train,2004-03-13
4,train,2004-03-14
4,train,2004-04-02
4,train,2004-04-03
4,train,2004-04-04
4,train,2004-04-05
4,train,2004-04-06
4,train,2004-04-07
4,train,2004-04-08
4,train,2004-04-09
4,train,2004-04-10
4,train,2004-04-11
4,train,2004-04-12
4,train,2004-04-13
4,train,2004-04-14
4,train,2004-04-15
4,train,2004-04-22
4,train,2004-04-23
4,train,2004-04-24
4,train,2004-04-25
4,train,2004-04-26
4,train,2004-04-27
4,train,2004-04-28
4,train,2004-05-01
4,train,2004-05-02
4,train,2004-05-03
4,train,2004-05-04
4,train,2004-05-05
4,train,2004-05-06
4,train,2004-05-07
4,train,2004-05-08
4,train,2004-05-09
4,train,2004-05-10
4,train,2004-05-11
4,train,2004-05-12
4,train,2004-05-13
4,train,2004-05-14
4,train,2004-05-15
4,train,2004-05-16
4,train,2004-05-17
4,train,2004-05-18
4,train,2004-05-19
4,train,2004-05-20
4,train,2004-05-21
4,train,2004-05-22
4,train,2004-05-23
4,train,2004-05-24
4,train,2004-05-25
4,train,2004-05-26
4,train,2004-05-27
4,train,2004-05-28
4,train,2004-05-29
4,train,2004-05-30
4,train,2004-05-31
4,train,2004-06-01
4,train,2004-06-02
4,train,2004-06-03
4,train,2004-06-04
4,train,2004-06-05
4,train,2004-06-06
4,train,2004-06-07
4,train,2004-06-08
4,train,2004-06-09
4,train,2004-06-10
4,train,2004-06-11
4,train,2004-06-12
4,train,2004-06-13
4,train,2004-06-14
4,train,2004-06-15
4,train,2004-06-16
4,train,2004-06-17
4,train,2004-06-18
4,train,2004-06-19
4,train,2004-06-20
4,train,2004-06-21
4,train,2004-06-22
4,train,2004-06-23
4,train,2004-06-24
4,train,2004-06-25
4,train,2004-06-26
4,train,2004-06-27
4,train,2004-06-28
4,train,2004-06-29
4,train,2004-06-30
4,train,2004-07-01
4,train,2004-07-02
4,train,2004-07-03
4,train,2004-07-04
4,train,2004-07-05
4,train,2004-07-06
4,train,2004-07-07
4,train,2004-07-08
4,train,2004-07-09
4,train,2004-07-10
4,train,2004-07-11
4,train,2004-07-12
4,train,2004-07-13
4,train,2004-07-14
4,train,2004-07-15
4,train,2004-07-16
4,train,2004-07-17
4,test,2004-07-18
4,test,2004-07-19
4,test,2004-07-20
4,test,2004-07-21
4,test,2004-07-22
4,test,2004-07-23
4,test,2004-07-24
4,test,2004-07-25
4,test,2004-07-26
4,test,2004-07-27
4,test,2004-07-28
4,test,2004-07-29
4,test,2004-07-30
4,test,2004-07-31
4,test,2004-08-01
4,test,2004-08-02
4,test,2004-08-03
4,test,2004-08-04
4,test,2004-08-05
4,test,2004-08-06
4,test,2004-08-07
4,test,2004-08-08
4,test,2004-08-09
4,test,2004-08-10
4,test,2004-08-11
4,test,2004-08-12
4,test,2004-08-13
5,train,2004-03-01
5,train,2004-03-02
5,train,2004-03-03
5,train,2004-03-04
5,train,2004-03-05
5,train,2004-03-06
5,train,2004-03-07
5,train,2004-03-08
5,train,2004-03-09
5,train,2004-03-10
5,train,2004-03-11
5,train,2004-03-12
5,train,2004-03-13
5,train,2004-03-14
5,train,2004-04-02
5,train,2004-04-03
5,train,2004-04-04
5,train,2004-04-05
5,train,2004-04-06
5,train,2004-04-07
5,train,2004-04-08
5,train,2004-04-09
5,train,2004-04-10
5,train,2004-04-11
5,train,2004-04-12
5,train,2004-04-13
5,train,2004-04-14
5,train,2004-04-15
5,train,2004-04-22
5,train,2004-04-23
5,train,2004-04-24
5,train,2004-04-25
5,train,2004-04-26
5,train,2004-04-27
5,train,2004-04-28
5,train,2004-05-01
5,train,2004-05-02
5,train,2004-05-03
5,train,2004-05-04
5,train,2004-05-05
5,train,2004-05-06
5,train,2004-05-07
5,train,2004-05-08
5,train,2004-05-09
5,train,2004-05-10
5,train,2004-05-11
5,train,2004-05-12
5,train,2004-05-13
5,train,2004-05-14
5,train,2004-05-15
5,train,2004-05-16
5,train,2004-05-17
5,train,2004-05-18
5,train,2004-05-19
5,train,2004-05-20
5,train,2004-05-21
5,train,2004-05-22
5,train,2004-05-23
5,train,2004-05-24
5,train,2004-05-25
5,train,2004-05-26
5,train,2004-05-27
5,train,2004-05-28
5,train,2004-05-29
5,train,2004-05-30
5,train,2004-05-31
5,train,2004-06-01
5,train,2004-06-02
5,train,2004-06-03
5,train,2004-06-04
5,train,2004-06-05
5,train,2004-06-06
5,train,2004-06-07
5,train,2004-06-08
5,train,2004-06-09
5,train,2004-06-10
5,train,2004-06-11
5,train,2004-06-12
5,train,2004-06-13
5,train,2004-06-14
5,train,2004-06-15
5,train,2004-06-16
5,train,2004-06-17
5,train,2004-06-18
5,train,2004-06-19
5,train,2004-06-20
5,train,2004-06-21
5,train,2004-06-22
5,train,2004-06-23
5,train,2004-06-24
5,train,2004-06-25
5,train,2004-06-26
5,train,2004-06-27
5,train,2004-06-28
5,train,2004-06-29
5,train,2004-06-30
5,train,2004-07-01
5,train,2004-07-02
5,train,2004-07-03
5,train,2004-07-04
5,train,2004-07-05
5,train,2004-07-06
5,train,2004-07-07
5,train,2004-07-08
5,train,2004-07-09
5,train,2004-07-10
5,train,2004-07-11
5,train,2004-07-12
5,train,2004-07-13
5,train,2004-07-14
5,train,2004-07-15
5,train,2004-07-16
5,train,2004-07-17
5,train,2004-07-18
5,train,2004-07-19
5,train,2004-07-20
5,train,2004-07-21
5,train,2004-07-22
5,train,2004-07-23
5,train,2004-07-24
5,train,2004-07-25
5,train,2004-07-26
5,train,2004-07-27
5,train,2004-07-28
5,train,2004-07-29
5,train,2004-07-30
5,train,2004-07-31
5,train,2004-08-01
5,train,2004-08-02
5,train,2004-08-03
5,train,2004-08-04
5,train,2004-08-05
5,train,2004-08-06
5,train,2004-08-07
5,train,2004-08-08
5,train,2004-08-09
5,train,2004-08-10
5,train,2004-08-11
5,train,2004-08-12
5,train,2004-08-13
5,test,2004-08-14
5,test,2004-08-15
5,test,2004-08-16
5,test,2004-08-17
5,test,2004-08-18
5,test,2004-08-19
5,test,2004-08-21
5,test,2004-08-22
5,test,2004-08-23
5,test,2004-08-24
5,test,2004-08-25
5,test,2004-08-26
5,test,2004-08-27
5,test,2004-08-28
5,test,2004-08-29
5,test,2004-08-30
5,test,2004-08-31
5,test,2004-09-01
5,test,2004-09-02
5,test,2004-09-03
5,test,2004-09-04
5,test,2004-09-05
5,test,2004-09-06
5,test,2004-09-07
5,test,2004-09-08
5,test,2004-09-09
5,test,2004-09-10
