fold,link,p50,p80,p95
1,"ATLA-M5,ATLAng",0.07062268817204301,0.10190427419354837,0.14032216397849465
1,"ATLAng,ATLA-M5",0.0,0.10139287634408602,0.20528155913978494
1,"ATLAng,HSTNng",3.1711585551075263,4.774076209677419,5.8164544623655905
1,"ATLAng,IPLSng",2.6860294623655916,3.6427160215053767,4.602416021505377
1,"ATLAng,WASHng",2.413284005376344,3.2805342741935486,4.042275584677419
1,"CHINng,IPLSng",5.357777970430108,7.085930564516129,38.444337331989246
1,"CHINng,NYCMng",3.6054263978494623,4.875460053763441,6.664260168010753
1,"DNVRng,KSCYng",4.570812997311828,5.898645026881721,7.291961895161291
1,"DNVRng,SNVAng",0.3192495430107527,2.3397117069892475,3.5782336525537635
1,"DNVRng,STTLng",0.24011122311827954,1.3129715322580644,1.6236892943548387
1,"HSTNng,ATLAng",2.1917713037634408,3.1116655913978497,3.697943548387096
1,"HSTNng,KSCYng",0.031561881720430104,0.5027623924731183,0.6691639852150537
1,"HSTNng,LOSAng",0.0067356854838709675,1.50338751344086,2.171722076612903
1,"IPLSng,ATLAng",3.0340613978494626,4.160942150537634,5.3384872043010745
1,"IPLSng,CHINng",6.537515456989247,7.784992930107526,9.112108501344085
1,"IPLSng,KSCYng",4.59328189516129,6.184680887096775,37.64340782258064
1,"KSCYng,DNVRng",1.7338004435483874,4.97476318548387,6.62371186155914
1,"KSCYng,HSTNng",1.3517213844086022,2.8727455645161286,3.7062313440860217
1,"KSCYng,IPLSng",4.79685122311828,6.594822473118279,8.099270383064516
1,"LOSAng,HSTNng",2.5538807930107525,3.948516344086021,4.773876579301075
1,"LOSAng,SNVAng",1.8807536827956985,3.057781397849463,3.6784340591397853
1,"NYCMng,CHINng",4.731492284946236,6.141842741935483,7.5488156922042995
1,"NYCMng,WASHng",4.099097284946236,5.496125779569892,7.058239637096775
1,"SNVAng,DNVRng",1.592984059139785,2.7591117204301074,3.4455945362903235
1,"SNVAng,LOSAng",1.4492542607526882,2.5639385483870973,3.7195350134408605
1,"SNVAng,STTLng",0.7994346102150538,0.9124505645161288,1.0382845228494624
1,"STTLng,DNVRng",0.8922180376344085,1.3197565860215055,1.8403904704301075
1,"STTLng,SNVAng",0.6076984139784947,0.8774162365591398,1.1504590524193548
1,"WASHng,ATLAng",4.203739852150537,5.9610760215053755,7.110515927419355
1,"WASHng,NYCMng",4.291591545698925,5.394381021505376,6.408170322580645
2,"ATLA-M5,ATLAng",0.05626858870967743,0.09155781720430109,0.1291415336021505
2,"ATLAng,ATLA-M5",0.04708516129032257,0.1241824731182796,0.20528639112903213
2,"ATLAng,HSTNng",2.1043901545698924,4.235748849462365,5.5967130403225775
2,"ATLAng,IPLSng",2.365099193548387,3.3634068817204312,4.3164056397849455
2,"ATLAng,WASHng",2.09855248655914,3.0462253548387097,3.960517438172042
2,"CHINng,IPLSng",5.584270094086021,7.3898785107526885,30.34684205376306
2,"CHINng,NYCMng",3.764459865591398,4.721126069892473,5.815582405913977
2,"DNVRng,KSCYng",4.986253427419355,6.398160575268817,7.562266595430106
2,"DNVRng,SNVAng",1.9303715389784948,2.960699462365591,21.29620558467741
2,"DNVRng,STTLng",0.8845672715053763,1.3178978064516127,1.5734833212365589
2,"HSTNng,ATLAng",1.7289817204301077,2.8673924838709683,3.713709336021505
2,"HSTNng,KSCYng",0.2465493010752688,0.48614896774193556,0.6354370376344084
2,"HSTNng,LOSAng",1.2571575470430107,1.7208249086021505,2.0865887365591393
2,"IPLSng,ATLAng",2.820098010752688,3.9593755698924733,5.098103301075269
2,"IPLSng,CHINng",6.58357317204301,7.873452467741935,9.209216223118275
2,"IPLSng,KSCYng",4.80902311827957,6.442584731182796,29.569702747311762
2,"KSCYng,DNVRng",3.812228387096774,5.4401656962365585,23.03115276545698
2,"KSCYng,HSTNng",0.6273912231182796,2.5331306774193547,3.394956545698923
2,"KSCYng,IPLSng",5.308082930107528,6.980737978494624,8.256422081989244
2,"LOSAng,HSTNng",1.7431489112903225,3.6672054569892465,4.82486239112903
2,"LOSAng,SNVAng",2.6308531586021506,3.6781450107526883,4.554288264784945
2,"NYCMng,CHINng",5.035719139784947,6.3401298010752685,7.621109806451612
2,"NYCMng,WASHng",3.7264935483870967,5.106735661290323,6.763083438172042
2,"SNVAng,DNVRng",2.3168576478494622,3.4046423817204308,4.239111614247311
2,"SNVAng,LOSAng",2.2163390456989247,3.3474444892473114,21.98182934139782
2,"SNVAng,STTLng",0.8102778091397849,0.9378390860215053,1.0873211599462365
2,"STTLng,DNVRng",0.7603529838709678,1.191872806451613,1.6762498266129027
2,"STTLng,SNVAng",0.4980969758064516,0.8056106021505377,1.0868468252688168
2,"WASHng,ATLAng",3.4216145295698923,5.367922166666666,6.8710977553763435
2,"WASHng,NYCMng",4.271022499999999,5.31410929032258,6.4094322083333335
3,"ATLA-M5,ATLAng",0.041509650537634404,0.08010770967741936,0.11966603763440856
3,"ATLAng,ATLA-M5",0.05189872311827957,0.11621904838709678,0.19769390860215036
3,"ATLAng,HSTNng",1.915128192204301,3.6727991021505373,5.510014595430104
3,"ATLAng,IPLSng",2.0488406451612904,3.0721330645161298,4.085957814516128
3,"ATLAng,WASHng",1.8272271639784945,2.7866129301075295,3.897648866935483
3,"CHINng,IPLSng",5.278408629032258,6.966431456989247,23.58892932930104
3,"CHINng,NYCMng",3.2124346505376344,4.382841043010753,5.448197772849462
3,"DNVRng,KSCYng",4.715756801075268,6.1395540967741935,7.463368255376342
3,"DNVRng,SNVAng",2.050073084677419,2.8209117822580647,6.461526397849461
3,"DNVRng,STTLng",0.952322069892473,1.3068748387096776,1.5505451626344084
3,"HSTNng,ATLAng",1.5981335618279569,2.6058569247311834,3.6779614274193553
3,"HSTNng,KSCYng",0.20620442204301076,0.4281275107526881,0.6023637002688167
3,"HSTNng,LOSAng",1.3100281720430107,1.7158856344086022,2.115633372311827
3,"IPLSng,ATLAng",2.612398602150537,3.7134605376344085,4.8443164784946235
3,"IPLSng,CHINng",6.044867715053764,7.537953295698924,9.085444787634408
3,"IPLSng,KSCYng",4.683434173387097,6.133924438172043,22.724276249327854
3,"KSCYng,DNVRng",3.9855290524193547,5.301890102150538,8.507598362231088
3,"KSCYng,HSTNng",0.4810302956989247,1.7874566666666671,3.2166169583333297
3,"KSCYng,IPLSng",4.949362405913979,6.6204648010752685,8.147504836021506
3,"LOSAng,HSTNng",1.5563037365591397,3.146924967741936,4.732247883064515
3,"LOSAng,SNVAng",2.66145751344086,3.560628569892473,4.503575060483868
3,"NYCMng,CHINng",4.817435672043011,6.12378480107527,7.461174665322577
3,"NYCMng,WASHng",3.0932090053763437,4.590435274193548,6.434835418010752
3,"SNVAng,DNVRng",2.299547540322581,3.2410924516129027,4.181427805107527
3,"SNVAng,LOSAng",2.4434553360215054,3.356004327956989,7.975861131720386
3,"SNVAng,STTLng",0.7713555376344086,0.907652559139785,1.055757676075269
3,"STTLng,DNVRng",0.7037815456989247,1.1246172849462366,1.5333425456989214
3,"STTLng,SNVAng",0.44682477150537636,0.7462765161290325,1.1596268346774192
3,"WASHng,ATLAng",3.127367755376344,4.622710935483872,6.6367771021505355
3,"WASHng,NYCMng",4.069525067204301,5.125974892473119,6.173027740591397
4,"ATLA-M5,ATLAng",0.03515793010752688,0.07256587634408602,0.11417292204301076
4,"ATLAng,ATLA-M5",0.05356873655913978,0.10942257526881723,0.189553939516129
4,"ATLAng,HSTNng",1.7421802419354837,2.839839338709678,5.349516686827956
4,"ATLAng,IPLSng",1.898883010752688,2.8649986451612905,3.9389788870967744
4,"ATLAng,WASHng",1.5883271102150536,2.4699661290322594,3.7260760376344075
4,"CHINng,IPLSng",5.0465425672043,6.598210397849463,9.484559014784946
4,"CHINng,NYCMng",2.863634059139785,4.096968258064517,5.242709674731183
4,"DNVRng,KSCYng",4.56582129032258,5.9414713010752696,7.450686217741937
4,"DNVRng,SNVAng",1.9213602755376344,2.652877048387097,3.6629229885752683
4,"DNVRng,STTLng",0.9872055510752688,1.3097725483870966,1.554072782258064
4,"HSTNng,ATLAng",1.3809073387096773,2.240206811827957,3.525100107526881
4,"HSTNng,KSCYng",0.19583302419354837,0.381831623655914,0.5799007970430108
4,"HSTNng,LOSAng",1.1821653494623656,1.66458525,2.1514496001344083
4,"IPLSng,ATLAng",2.4262189247311827,3.5463741290322583,4.695559752688169
4,"IPLSng,CHINng",5.6414707123655905,7.252346989247311,9.041707586021502
4,"IPLSng,KSCYng",4.498886532258064,5.853725249999999,8.167120889784938
4,"KSCYng,DNVRng",3.855062755376344,5.075502701612904,6.3995095625
4,"KSCYng,HSTNng",0.47334334677419354,0.8322573924731183,3.081576466397849
4,"KSCYng,IPLSng",4.77916748655914,6.3702634677419345,8.114725702956987
4,"LOSAng,HSTNng",1.3396720833333333,2.402122123655915,4.552311717741936
4,"LOSAng,SNVAng",2.5112854973118277,3.3973629301075268,4.5026847755376345
4,"NYCMng,CHINng",4.620114153225806,5.886279155913978,7.245210584677419
4,"NYCMng,WASHng",2.795389220430107,4.222437844086022,6.159139106182796
4,"SNVAng,DNVRng",2.116989543010752,3.089526838709677,4.175444396505375
4,"SNVAng,LOSAng",2.260253803763441,3.1180609408602153,5.427639674731177
4,"SNVAng,STTLng",0.7255584005376343,0.8764981666666666,1.0308145228494623
4,"STTLng,DNVRng",0.7191813306451613,1.1256650000000004,1.4858210403225807
4,"STTLng,SNVAng",0.39328974462365596,0.6557989838709678,1.0855420537634406
4,"WASHng,ATLAng",2.913658387096774,4.054298661290324,6.410335731182792
4,"WASHng,NYCMng",4.008623938172043,5.051358747311828,6.04567214112903
5,"ATLA-M5,ATLAng",0.03129208333333333,0.0651198064516129,0.108814565860215
5,"ATLAng,ATLA-M5",0.05411129032258065,0.10625001075268815,0.18538236559139784
5,"ATLAng,HSTNng",1.6839812163978496,2.420360690860215,5.141752440860214
5,"ATLAng,IPLSng",1.8134520967741934,2.715638301075269,3.798639163978494
5,"ATLAng,WASHng",1.4694900537634408,2.2499992204301074,3.5797939381720405
5,"CHINng,IPLSng",4.873331801075269,6.378691516129032,8.753524362903223
5,"CHINng,NYCMng",2.6750344220430105,3.852899962365591,5.091601291666667
5,"DNVRng,KSCYng",4.463846478494624,5.793008494623656,7.258511596774192
5,"DNVRng,SNVAng",1.856061572580645,2.5422265860215054,3.505950645833333
5,"DNVRng,STTLng",1.0001667204301077,1.301956817204301,1.5404327620967737
5,"HSTNng,ATLAng",1.284916196236559,2.001082397849463,3.3791106962365585
5,"HSTNng,KSCYng",0.1936128629032258,0.34328308602150537,0.5591288481182795
5,"HSTNng,LOSAng",1.1626313306451612,1.6171098279569893,2.07233256922043
5,"IPLSng,ATLAng",2.323118817204301,3.4266890752688166,4.542511623655905
5,"IPLSng,CHINng",5.304987473118279,6.961082747311827,8.790583913978493
5,"IPLSng,KSCYng",4.352237788978494,5.635000290322581,7.550262194220426
5,"KSCYng,DNVRng",3.7636250336021506,4.880207180107527,6.21329095833333
5,"KSCYng,HSTNng",0.46984483870967736,0.7344574731182795,2.952992368279569
5,"KSCYng,IPLSng",4.645709852150537,6.179226489247312,7.9190961424731166
5,"LOSAng,HSTNng",1.2403232392473118,2.0220197526881725,4.370132369623654
5,"LOSAng,SNVAng",2.3591167876344086,3.2267169086021505,4.363733399193547
5,"NYCMng,CHINng",4.498729879032258,5.730334166666665,7.059183264784945
5,"NYCMng,WASHng",2.5648434408602148,3.9462844354838706,5.882273123655912
5,"SNVAng,DNVRng",1.9732039784946234,2.9069243172043016,4.024255586021504
5,"SNVAng,LOSAng",2.177643682795699,2.9673293387096775,4.619615212365588
5,"SNVAng,STTLng",0.6989199731182796,0.8513970053763441,1.0098959422043006
5,"STTLng,DNVRng",0.7340845430107525,1.1380001075268815,1.4955208561827955
5,"STTLng,SNVAng",0.35626487903225806,0.5942495107526882,1.0633511384408598
5,"WASHng,ATLAng",2.7963987903225807,3.7756204086021508,6.175665705645158
5,"WASHng,NYCMng",4.001616720430107,5.03570288172043,5.968364456989244
