lead_min,fold,accuracy,macro_F1,persist_accuracy,persist_macro_F1,naive_macro_F1,critical_precision,critical_recall,critical_F1,test_critical_%,gap_macro_F1,gap_accuracy
5,1,0.8882630315500686,0.8474016347070059,0.9059284979423868,0.8787697836660366,0.1574831590013449,0.7351395730706075,0.8305095226317091,0.7799198652807618,6.93,-0.03136814895903073,-0.017665466392318252
5,2,0.9034636488340192,0.8005849944192397,0.9078146433470508,0.8153953860442428,0.2028181825130514,0.696455223880597,0.7817801047120418,0.736655155402072,2.05,-0.014810391625003083,-0.004350994513031559
5,3,0.9176397462277092,0.7995586362888933,0.9177597736625516,0.7903539388685055,0.2142017053807703,0.6752936492136173,0.8537628995721117,0.7541129390840373,1.7,0.009204697420387875,-0.00012002743484240685
5,4,0.8917524005486969,0.7500033635901794,0.889866255144033,0.7500734301131908,0.2051790814650052,0.5421379058737686,0.6918063314711359,0.607895275107384,0.92,-7.006652301144722e-05,0.0018861454046639192
5,5,0.856014231824417,0.834740099586211,0.8589077503429355,0.8403783581349655,0.1613987621779166,0.8359416546380004,0.9303711845776612,0.8806322529011604,10.14,-0.005638258548754549,-0.0028935185185184897
15,1,0.8406697538804562,0.7832501341672883,0.8655132492925135,0.8235983785068227,0.1574917978376251,0.659471884285474,0.727728285077951,0.691920825858063,6.93,-0.040348244339534434,-0.024843495412057326
15,2,0.8552640603566529,0.6919424588267139,0.8691786694101509,0.7195277257161532,0.20283105395104253,0.49056945955749004,0.5664921465968586,0.5258042569734668,2.05,-0.027585266889439297,-0.01391460905349795
15,3,0.8857553155006859,0.7199674752644659,0.8879586762688615,0.7098667596087569,0.21420380620548218,0.5306709839899263,0.7425119557009816,0.6189676877885019,1.7,0.010100715655709025,-0.0022033607681756218
15,4,0.8540037722908094,0.6632055221967712,0.8514703360768175,0.6522133576568451,0.20517237457061177,0.37476220672162336,0.5497674418604651,0.4457013574660634,0.92,0.01099216453992613,0.0025334362139918243
15,5,0.8062231943729627,0.7754371640373316,0.8073726196603191,0.7801557088345484,0.16136650148431736,0.7587845622119815,0.8910874344664299,0.8196313292369916,10.14,-0.004718544797216784,-0.0011494252873563982
30,1,0.8070389911208339,0.7330781691147306,0.8387466220563634,0.788820646164307,0.1574972159620137,0.5576149120948951,0.6516895655402897,0.6009930940014839,6.93,-0.05574247704957647,-0.03170763093552953
30,2,0.8281807270233196,0.631748895672862,0.8416323731138546,0.649557068065359,0.20284922349488443,0.39153016380343586,0.4096989966555184,0.4004085801838611,2.05,-0.01780817239249699,-0.013451646090535063
30,3,0.8680084019204389,0.6750858182996461,0.8743012688614541,0.6841972692832422,0.214207307511369,0.4486259408366883,0.6465691220988901,0.5297096207502325,1.7,-0.009111450983596114,-0.006292866941015163
30,4,0.8332004458161866,0.6212048555396457,0.8301868998628258,0.609551443099015,0.20516194101722163,0.30842558425584254,0.46651162790697676,0.37134394668641246,0.92,0.011653412440630673,0.0030135459533607856
30,5,0.7731994162589063,0.7346148539345533,0.7758734655335222,0.7419245991987157,0.1613259138443826,0.6967646144815441,0.8531985962538582,0.7670873564966167,10.15,-0.007309745264162393,-0.0026740492746158973
