lead_min,fold,class,precision,recall,f1,support
15,1,Low,0.9551718539599469,0.9326550974925167,0.9437791932059448,107239
15,1,Medium,0.7946711748843838,0.8152071090726674,0.8048081617059211,69770
15,1,High,0.7008874907286632,0.6842959522560991,0.6924923558992242,40047
15,1,Critical,0.659471884285474,0.727728285077951,0.691920825858063,16164
15,2,Low,0.9523101224167434,0.9087449128272119,0.9300176112917947,159224
15,2,Medium,0.7356410466737757,0.771710322514026,0.7532441353591857,58106
15,2,High,0.48927442673660143,0.6510961968680089,0.558703831682408,11175
15,2,Critical,0.49056945955749004,0.5664921465968586,0.5258042569734668,4775
15,3,Low,0.9628739808631219,0.9260536595688703,0.9441049562682216,174843
15,3,Medium,0.7291500573628639,0.7931049069373942,0.7597840072132676,47280
15,3,High,0.5243947400761951,0.5939587973273942,0.5570132497878728,7184
15,3,Critical,0.5306709839899263,0.7425119557009816,0.6189676877885019,3973
15,4,Low,0.9411878344527371,0.9003147695283384,0.9202977030022164,162341
15,4,Medium,0.7203464001105532,0.7820173025953893,0.7499160792212152,59991
15,4,High,0.511742892459827,0.564673789497613,0.53690694909759,8798
15,4,Critical,0.37476220672162336,0.5497674418604651,0.4457013574660634,2150
15,5,Low,0.9150588705609123,0.8652728025489173,0.8894697155440007,111106
15,5,Medium,0.7228822277653293,0.7489305164182155,0.7356758694872714,68491
15,5,High,0.6630908595559188,0.6509645281000301,0.6569717418810629,29911
15,5,Critical,0.7587845622119815,0.8910874344664299,0.8196313292369916,23652
30,1,Low,0.9380252001101437,0.9215227185806367,0.9297007340485601,107203
30,1,Medium,0.7629514006074924,0.7780056211999541,0.770404975576508,69736
30,1,High,0.6497078033688553,0.6137436614792796,0.63121387283237,40033
30,1,Critical,0.5576149120948951,0.6516895655402897,0.6009930940014839,16158
30,2,Low,0.9442341021197174,0.8895182357078267,0.9160598574698967,159248
30,2,Medium,0.6858565003761143,0.7378779530270679,0.7109168277246448,58076
30,2,High,0.4267419007164141,0.6024883637665592,0.4996103173130451,11172
30,2,Critical,0.39153016380343586,0.4096989966555184,0.4004085801838611,4784
30,3,Low,0.958234456573327,0.9122266196925329,0.9346647094500162,174848
30,3,Medium,0.6917025269663134,0.7716775230521953,0.7295046733643225,47284
30,3,High,0.4707640798756427,0.5480233853006682,0.506464269634013,7184
30,3,Critical,0.4486259408366883,0.6465691220988901,0.5297096207502325,3964
30,4,Low,0.9329575851453638,0.8830816808047952,0.9073347342836164,162327
30,4,Medium,0.6839381356442198,0.7576035330389135,0.7188886165426612,60005
30,4,High,0.45989304812834225,0.5180722891566265,0.48725212464589235,8798
30,4,Critical,0.30842558425584254,0.46651162790697676,0.37134394668641246,2150
30,5,Low,0.9013723696248856,0.8433487416538265,0.8713957190872104,110979
30,5,Medium,0.6830534952781726,0.7091217252816294,0.6958435488264728,68441
30,5,High,0.6122000617898459,0.5962753686181417,0.6041327913279133,29909
30,5,Critical,0.6967646144815441,0.8531985962538582,0.7670873564966167,23651
